YEAR,MONTH,DATE,SITE,LOCATION,COUNT,ACTIVITY,NOTES
2007,5,01MAY2007,MOHK,MOHK,0,-99999,-99999
2007,5,02MAY2007,ABUR,ABUR,0,-99999,-99999
2007,5,02MAY2007,MOHK,MOHK,0,-99999,-99999
2007,5,07MAY2007,MOHK,MOHK,1,FEEDING,SOUTHEAST OF INSIDE SPAR BUOY
2007,5,08MAY2007,AQUE,AQUE,0,-99999,-99999
2007,5,13MAY2007,MOHK,MOHK,0,-99999,-99999
2007,5,14MAY2007,MOHK,MOHK,0,-99999,-99999
2007,5,15MAY2007,MOHK,MOHK,0,-99999,-99999
2007,5,16MAY2007,GOLB,MOORE MESA,1,FEEDING,-99999
2007,5,22MAY2007,MOHK,MOHK,0,-99999,-99999
2007,5,23MAY2007,MOHK,MOHK,0,-99999,-99999
2007,5,24MAY2007,SCDI,SCDI,0,-99999,-99999
2007,5,24MAY2007,SCTW,SCTW,0,-99999,-99999
2007,5,25MAY2007,MOHK,MOHK,0,-99999,-99999
2007,5,30MAY2007,MOHK,MOHK,0,-99999,-99999
2007,6,04JUN2007,ABUR,ABUR,0,-99999,-99999
2007,6,04JUN2007,MOHK,MOHK,0,-99999,-99999
2007,6,07JUN2007,AQUE,AQUE,0,-99999,-99999
2007,6,08JUN2007,MOHK,MOHK,0,-99999,-99999
2007,6,12JUN2007,MOHK,MOHK,0,-99999,-99999
2007,6,13JUN2007,MOHK,MOHK,0,-99999,-99999
2007,6,19JUN2007,MOHK,MOHK,0,-99999,-99999
2007,6,21JUN2007,GOLB,GOLB,0,-99999,-99999
2007,6,21JUN2007,MOHK,MOHK,0,-99999,-99999
2007,6,25JUN2007,AQUE,AQUE,0,-99999,-99999
2007,6,25JUN2007,NAPL,NAPL,0,-99999,-99999
2007,6,26JUN2007,AHND,AHND,0,-99999,-99999
2007,6,26JUN2007,AHND,AHND,1,FEEDING,-99999
2007,6,26JUN2007,BULL,BULL,0,-99999,-99999
2007,6,26JUN2007,NAPL,NAPL,0,-99999,-99999
2007,6,28JUN2007,MOHK,SHORELINE DRIVE,1,PREENING,-99999
2007,7,02JUL2007,AQUE,AQUE,0,-99999,-99999
2007,7,03JUL2007,NAPL,NAPL,0,-99999,-99999
2007,7,03JUL2007,NAPL,NAPL,0,-99999,-99999
2007,7,05JUL2007,CARP,CARP,0,-99999,-99999
2007,7,09JUL2007,ABUR,ABUR,0,-99999,-99999
2007,7,09JUL2007,MOHK,MOHK,0,-99999,-99999
2007,7,10JUL2007,CARP,CARP,0,-99999,-99999
2007,7,10JUL2007,SCTW,ORIZABA REEF,0,-99999,-99999
2007,7,12JUL2007,MOHK,MOHK,0,-99999,-99999
2007,7,16JUL2007,GOLB,GOLB,0,-99999,-99999
2007,7,16JUL2007,MOHK,MOHK,0,-99999,-99999
2007,7,17JUL2007,AQUE,AQUE,0,-99999,-99999
2007,7,17JUL2007,NAPL,NAPL,0,-99999,-99999
2007,7,18JUL2007,CARP,CARP,0,-99999,-99999
2007,7,19JUL2007,AHND,AHND,0,-99999,-99999
2007,7,19JUL2007,BULL,BULL,0,-99999,-99999
2007,7,20JUL2007,ABUR,ABUR,0,-99999,-99999
2007,7,20JUL2007,IVEE,IVEE,0,-99999,-99999
2007,7,20JUL2007,MOHK,MOHK,0,-99999,-99999
2007,7,23JUL2007,NAPL,NAPL,0,-99999,-99999
2007,7,24JUL2007,NAPL,NAPL,0,-99999,-99999
2007,7,25JUL2007,CARP,CARP,0,-99999,-99999
2007,7,26JUL2007,SCDI,SCDI,0,-99999,-99999
2007,7,26JUL2007,SCTW,SCTW,0,-99999,-99999
2007,8,01AUG2007,AQUE,AQUE,0,-99999,-99999
2007,8,02AUG2007,ABUR,ABUR,0,-99999,-99999
2007,8,02AUG2007,MOHK,MOHK,0,-99999,-99999
2007,8,08AUG2007,MOHK,MOHK,0,-99999,-99999
2007,8,17AUG2007,AQUE,AQUE,0,-99999,-99999
2007,8,17AUG2007,CARP,CARP,0,-99999,-99999
2007,8,17AUG2007,MOHK,MOHK,0,-99999,-99999
2007,8,17AUG2007,NAPL,NAPL,0,-99999,-99999
2007,8,20AUG2007,CARP,CARP,0,-99999,-99999
2007,8,23AUG2007,MOHK,MOHK,0,-99999,-99999
2007,8,30AUG2007,AQUE,AQUE,0,-99999,-99999
2007,9,05SEP2007,MOHK,MOHK,0,-99999,-99999
2007,9,07SEP2007,ABUR,ABUR,0,-99999,-99999
2007,9,07SEP2007,MOHK,MOHK,0,-99999,-99999
2007,9,10SEP2007,ABUR,ABUR,0,-99999,-99999
2007,9,10SEP2007,MOHK,MOHK,0,-99999,-99999
2007,9,11SEP2007,MOHK,MOHK,0,-99999,-99999
2007,9,13SEP2007,MOHK,MOHK,0,-99999,-99999
2007,9,18SEP2007,MOHK,MOHK,0,-99999,-99999
2007,9,18SEP2007,OTHER,MONTECITO,0,-99999,-99999
2007,9,19SEP2007,AQUE,AQUE,0,-99999,-99999
2007,9,19SEP2007,NAPL,NAPL,0,-99999,-99999
2007,9,29SEP2007,ABUR,ABUR,0,-99999,-99999
2007,9,29SEP2007,MOHK,MOHK,0,-99999,-99999
2007,10,08OCT2007,AQUE,AQUE,0,-99999,-99999
2007,10,10OCT2007,MOHK,MOHK,0,-99999,-99999
2007,10,12OCT2007,ABUR,ABUR,0,-99999,-99999
2007,10,12OCT2007,MOHK,MOHK,0,-99999,-99999
2007,10,16OCT2007,NAPL,NAPL,0,-99999,-99999
2007,10,17OCT2007,CARP,CARP,0,-99999,-99999
2007,10,18OCT2007,ABUR,ABUR,0,-99999,-99999
2007,10,23OCT2007,MOHK,MOHK,0,-99999,-99999
2007,10,24OCT2007,MOHK,MOHK,0,-99999,-99999
2007,10,26OCT2007,MOHK,MOHK,0,-99999,-99999
2007,10,30OCT2007,NAPL,NAPL,0,-99999,-99999
2007,10,31OCT2007,CARP,CARP,1,FEEDING,WEST EDGE OF CARPINTERIA REEF
2007,11,02NOV2007,MOHK,MOHK,0,-99999,-99999
2007,11,05NOV2007,ABUR,ABUR,0,-99999,-99999
2007,11,05NOV2007,MOHK,MOHK,0,-99999,-99999
2007,11,07NOV2007,AQUE,AQUE,0,-99999,-99999
2007,11,13NOV2007,AQUE,AQUE,0,-99999,-99999
2007,11,14NOV2007,MOHK,MOHK,0,-99999,-99999
2007,11,27NOV2007,MOHK,MOHK,0,-99999,-99999
2007,11,28NOV2007,MOHK,MOHK,0,-99999,-99999
2007,12,03DEC2007,ABUR,ABUR,0,-99999,-99999
2007,12,03DEC2007,MOHK,MOHK,0,-99999,-99999
2007,12,10DEC2007,AQUE,AQUE,0,-99999,-99999
2007,12,10DEC2007,NAPL,NAPL,0,-99999,-99999
2007,12,11DEC2007,MOHK,MOHK,0,-99999,-99999
2008,1,02JAN2008,ABUR,ABUR,0,-99999,-99999
2008,1,02JAN2008,MOHK,MOHK,0,-99999,-99999
2008,1,03JAN2008,AQUE,AQUE,0,-99999,-99999
2008,1,03JAN2008,NAPL,NAPL,1,RAFTING,-99999
2008,1,08JAN2008,ABUR,ABUR,0,-99999,-99999
2008,1,08JAN2008,MOHK,MOHK,0,-99999,-99999
2008,1,09JAN2008,IVEE,IVEE,1,RAFTING,-99999
2008,1,10JAN2008,NAPL,NAPL,0,-99999,-99999
2008,1,11JAN2008,CARP,CARP,0,-99999,-99999
2008,1,15JAN2008,MOHK,MOHK,0,-99999,-99999
2008,1,17JAN2008,MOHK,MOHK,0,-99999,-99999
2008,1,30JAN2008,AQUE,AQUE,0,-99999,-99999
2008,1,31JAN2008,CARP,CARP,0,-99999,-99999
2008,1,31JAN2008,MOHK,MOHK,0,-99999,-99999
2008,2,01FEB2008,AQUE,AQUE,7,RAFTING,"1 IN KELP BED, 6 ON OUTER EDGE OF KELP BED"
2008,2,01FEB2008,GOLB,GOLB,0,-99999,-99999
2008,2,01FEB2008,IVEE,IVEE,0,-99999,-99999
2008,2,01FEB2008,NAPL,NAPL,0,-99999,-99999
2008,2,07FEB2008,ABUR,ABUR,0,-99999,-99999
2008,2,07FEB2008,MOHK,MOHK,0,-99999,-99999
2008,2,08FEB2008,MOHK,MOHK,0,-99999,-99999
2008,2,12FEB2008,CARP,CARP,0,-99999,-99999
2008,2,20FEB2008,MOHK,MOHK,0,-99999,-99999
2008,2,27FEB2008,MOHK,LEADBETTER,1,-99999,OUTSIDE LEADBETTER KELP BED
2008,2,27FEB2008,MOHK,LEADBETTER,1,-99999,OFFSHORE OF LEADBETTER
2008,3,04MAR2008,ABUR,ABUR,0,-99999,-99999
2008,3,04MAR2008,GOLB,GOLB,0,-99999,-99999
2008,3,04MAR2008,MOHK,MOHK,0,-99999,-99999
2008,3,05MAR2008,AQUE,AQUE,12,-99999,EDGE OF KELP BED
2008,3,07MAR2008,AQUE,AQUE,12,-99999,OUTSIDE EDGE OF KELP BED
2008,3,07MAR2008,AQUE,AQUE,0,-99999,-99999
2008,3,07MAR2008,IVEE,DEVEREAUX,1,-99999,-99999
2008,3,07MAR2008,NAPL,NAPL,0,-99999,-99999
2008,3,11MAR2008,CARP,CARP,0,-99999,-99999
2008,3,11MAR2008,MOHK,MOHK,0,-99999,-99999
2008,3,18MAR2008,MOHK,MOHK,0,-99999,-99999
2008,3,19MAR2008,MOHK,MOHK,0,-99999,-99999
2008,3,21MAR2008,MOHK,MOHK,0,-99999,-99999
2008,3,31MAR2008,AHND,AHND,0,-99999,-99999
2008,3,31MAR2008,BULL,BULL,0,-99999,-99999
2008,4,01APR2008,AQUE,AQUE,11,-99999,OUTER EDGE OF KELP BED
2008,4,01APR2008,IVEE,DEVEREAUX,1,-99999,-99999
2008,4,02APR2008,CARP,CARP,0,-99999,-99999
2008,4,03APR2008,ABUR,ABUR,0,-99999,-99999
2008,4,03APR2008,MOHK,MOHK,0,-99999,-99999
2008,4,07APR2008,MOHK,MOHK,0,-99999,-99999
2008,4,09APR2008,AQUE,AQUE,9,-99999,-99999
2008,4,09APR2008,CARP,HORSESHOE REEF,1,-99999,-99999
2008,4,09APR2008,IVEE,DEVEREAUX,20,-99999,20+ SEEN
2008,4,11APR2008,IVEE,IVEE,25,-99999,-99999
2008,4,11APR2008,NAPL,NAPL,0,-99999,-99999
2008,4,14APR2008,MOHK,MOHK,0,-99999,-99999
2008,4,15APR2008,MOHK,MOHK,0,-99999,-99999
2008,4,17APR2008,MOHK,MOHK,0,-99999,-99999
2008,4,22APR2008,MOHK,MOHK,0,-99999,-99999
2008,4,24APR2008,AQUE,AQUE,10,-99999,10+
2008,4,24APR2008,IVEE,IVEE,10,-99999,10+
2008,4,24APR2008,NAPL,NAPL,0,-99999,-99999
2008,5,01MAY2008,ABUR,ABUR,0,-99999,-99999
2008,5,01MAY2008,GOLB,MOORE MESA,1,-99999,-99999
2008,5,02MAY2008,AQUE,AQUE,5,-99999,-99999
2008,5,02MAY2008,IVEE,DEVEREAUX,1,-99999,-99999
2008,5,02MAY2008,IVEE,IVEE,42,-99999,-99999
2008,5,06MAY2008,SCDI,SCDI,0,-99999,-99999
2008,5,06MAY2008,SCTW,SCTW,0,-99999,-99999
2008,5,08MAY2008,CARP,CARP,0,-99999,-99999
2008,5,15MAY2008,MOHK,MOHK,0,-99999,-99999
2008,5,19MAY2008,IVEE,IVEE,5,-99999,-99999
2008,5,19MAY2008,NAPL,NAPL,0,-99999,-99999
2008,5,20MAY2008,CARP,CARP,0,-99999,-99999
2008,5,20MAY2008,MOHK,MOHK,0,-99999,-99999
2008,5,28MAY2008,AQUE,AQUE,0,-99999,-99999
2008,5,29MAY2008,MOHK,MOHK,0,-99999,-99999
2008,6,02JUN2008,MOHK,MOHK,0,-99999,-99999
2008,6,03JUN2008,AQUE,AQUE,0,-99999,-99999
2008,6,12JUN2008,ABUR,ABUR,0,-99999,-99999
2008,6,13JUN2008,MOHK,MOHK,0,-99999,-99999
2008,6,17JUN2008,MOHK,MOHK,0,-99999,-99999
2008,6,18JUN2008,ABUR,ABUR,0,-99999,-99999
2008,6,19JUN2008,IVEE,IVEE,3,-99999,-99999
2008,6,19JUN2008,NAPL,NAPL,0,-99999,-99999
2008,6,23JUN2008,CARP,CARP,0,-99999,-99999
2008,6,24JUN2008,AQUE,AQUE,0,-99999,-99999
2008,6,26JUN2008,MOHK,MOHK,0,-99999,-99999
2008,6,30JUN2008,MOHK,MOHK,0,-99999,-99999
2008,7,01JUL2008,AQUE,AQUE,0,-99999,-99999
2008,7,01JUL2008,MOHK,MOHK,0,-99999,-99999
2008,7,05JUL2008,CARP,CARP,0,-99999,-99999
2008,7,07JUL2008,MOHK,MOHK,0,-99999,-99999
2008,7,10JUL2008,ABUR,ABUR,0,-99999,-99999
2008,7,10JUL2008,ABUR,ABUR,0,-99999,-99999
2008,7,10JUL2008,MOHK,MOHK,0,-99999,-99999
2008,7,11JUL2008,NAPL,NAPL,0,-99999,-99999
2008,7,14JUL2008,AQUE,AQUE,0,-99999,-99999
2008,7,15JUL2008,CARP,CARP,0,-99999,-99999
2008,7,17JUL2008,CARP,CARP,0,-99999,-99999
2008,7,17JUL2008,MOHK,MOHK,0,-99999,-99999
2008,7,21JUL2008,IVEE,IVEE,0,-99999,-99999
2008,7,21JUL2008,NAPL,NAPL,0,-99999,-99999
2008,7,22JUL2008,GOLB,GOLB,0,-99999,-99999
2008,7,22JUL2008,GOLB,GOLB,0,-99999,-99999
2008,7,22JUL2008,IVEE,IVEE,0,-99999,-99999
2008,7,23JUL2008,AQUE,AQUE,0,-99999,-99999
2008,7,23JUL2008,AQUE,AQUE,0,-99999,-99999
2008,7,24JUL2008,CARP,CARP,0,-99999,-99999
2008,7,24JUL2008,CARP,CARP,0,-99999,-99999
2008,7,25JUL2008,CARP,CARP,0,-99999,-99999
2008,7,25JUL2008,CARP,CARP,0,-99999,-99999
2008,7,28JUL2008,NAPL,NAPL,2,FEEDING,-99999
2008,7,28JUL2008,NAPL,NAPL,0,-99999,-99999
2008,7,29JUL2008,AHND,AHND,0,-99999,-99999
2008,7,29JUL2008,BULL,BULL,0,-99999,-99999
2008,7,29JUL2008,BULL,BULL,0,-99999,-99999
2008,7,30JUL2008,SCDI,SCDI,0,-99999,-99999
2008,7,30JUL2008,SCTW,SCTW,0,-99999,-99999
2008,7,31JUL2008,ABUR,ABUR,0,-99999,-99999
2008,7,31JUL2008,MOHK,MOHK,0,-99999,-99999
2008,8,01AUG2008,NAPL,NAPL,0,-99999,-99999
2008,8,01AUG2008,NAPL,NAPL,0,-99999,-99999
2008,8,07AUG2008,ABUR,ABUR,0,-99999,-99999
2008,8,07AUG2008,MOHK,MOHK,0,-99999,-99999
2008,8,08AUG2008,AQUE,AQUE,0,-99999,-99999
2008,8,11AUG2008,CARP,CARP,0,-99999,-99999
2008,8,12AUG2008,AQUE,AQUE,0,-99999,-99999
2008,8,13AUG2008,NAPL,NAPL,0,-99999,-99999
2008,8,13AUG2008,NAPL,NAPL,0,-99999,-99999
2008,8,14AUG2008,MOHK,MOHK,0,-99999,-99999
2008,8,18AUG2008,CARP,CARP,0,-99999,-99999
2008,8,19AUG2008,MOHK,MOHK,0,-99999,-99999
2008,8,20AUG2008,ABUR,ABUR,0,-99999,-99999
2008,8,20AUG2008,MOHK,MOHK,0,-99999,-99999
2008,8,28AUG2008,MOHK,MOHK,0,-99999,-99999
2008,9,03SEP2008,AQUE,AQUE,0,-99999,-99999
2008,9,04SEP2008,ABUR,ABUR,0,-99999,-99999
2008,9,04SEP2008,MOHK,MOHK,0,-99999,-99999
2008,9,09SEP2008,GOLB,GOLB,0,-99999,-99999
2008,9,09SEP2008,NAPL,NAPL,0,-99999,-99999
2008,9,11SEP2008,GOLB,GOLB,0,-99999,-99999
2008,9,11SEP2008,MOHK,MOHK,0,-99999,-99999
2008,9,15SEP2008,MOHK,MOHK,0,-99999,-99999
2008,9,22SEP2008,MOHK,MOHK,0,-99999,-99999
2008,9,23SEP2008,MOHK,MOHK,0,-99999,-99999
2008,9,26SEP2008,NAPL,NAPL,0,-99999,-99999
2008,9,29SEP2008,MOHK,MOHK,0,-99999,-99999
2008,10,01OCT2008,ABUR,ABUR,0,-99999,-99999
2008,10,02OCT2008,AQUE,AQUE,0,-99999,-99999
2008,10,10OCT2008,NAPL,NAPL,0,-99999,-99999
2008,10,16OCT2008,MOHK,MOHK,0,-99999,-99999
2008,10,22OCT2008,MOHK,MOHK,0,-99999,-99999
2008,10,24OCT2008,CARP,CARP,0,-99999,-99999
2008,10,28OCT2008,AQUE,AQUE,0,-99999,-99999
2008,10,29OCT2008,OTHER,PALOS VERDES,0,-99999,-99999
2008,11,06NOV2008,AQUE,AQUE,2,-99999,"1 AT AQUE, 1 AT TAJIGUAS"
2008,11,06NOV2008,IVEE,DEVEREAUX,1,-99999,-99999
2008,11,07NOV2008,ABUR,ABUR,0,-99999,-99999
2008,11,07NOV2008,MOHK,MOHK,0,-99999,-99999
2008,11,12NOV2008,SCTW,SCTW,0,-99999,-99999
2008,11,14NOV2008,SCTW,SCTW,0,-99999,-99999
2008,11,18NOV2008,SCTW,FRY'S HARBOR,0,-99999,-99999
2008,11,23NOV2008,GOLB,GOLB,0,-99999,-99999
2008,11,24NOV2008,CARP,CARP,0,-99999,-99999
2008,11,24NOV2008,MOHK,S.B. HARBOR,4,-99999,-99999
2008,12,03DEC2008,MOHK,MOHK,0,-99999,-99999
2008,12,04DEC2008,AQUE,AQUE,0,-99999,-99999
2008,12,05DEC2008,ABUR,ABUR,0,-99999,-99999
2008,12,08DEC2008,NAPL,NAPL,0,-99999,-99999
2008,12,12DEC2008,MOHK,MOHK,0,-99999,-99999
2008,12,17DEC2008,CARP,CARP,0,-99999,-99999
2008,12,18DEC2008,AQUE,AQUE,0,-99999,-99999
2009,1,06JAN2009,ABUR,ABUR,0,-99999,-99999
2009,1,08JAN2009,NAPL,NAPL,0,-99999,-99999
2009,1,12JAN2009,MOHK,MOHK,0,-99999,-99999
2009,1,15JAN2009,AQUE,AQUE,0,-99999,-99999
2009,1,15JAN2009,IVEE,IVEE,0,-99999,-99999
2009,1,27JAN2009,IVEE,IVEE,2,FEEDING,-99999
2009,1,27JAN2009,IVEE,IVEE,2,RAFTING,-99999
2009,1,27JAN2009,NAPL,NAPL,0,-99999,-99999
2009,1,28JAN2009,MOHK,MOHK,0,-99999,-99999
2009,1,29JAN2009,AQUE,AQUE,0,-99999,-99999
2009,1,30JAN2009,CARP,CARP,0,-99999,-99999
2009,2,02FEB2009,AHND,AHND,0,-99999,-99999
2009,2,02FEB2009,AQUE,AQUE,0,-99999,-99999
2009,2,02FEB2009,BULL,BULL,0,-99999,-99999
2009,2,03FEB2009,ABUR,ABUR,0,-99999,-99999
2009,2,03FEB2009,MOHK,MOHK,0,-99999,-99999
2009,2,04FEB2009,MOHK,MOHK,0,-99999,-99999
2009,2,19FEB2009,CARP,CARP,0,-99999,-99999
2009,2,19FEB2009,MOHK,MOHK,0,-99999,-99999
2009,2,25FEB2009,GOLB,GOLB,0,-99999,-99999
2009,2,25FEB2009,MOHK,MOHK,0,-99999,-99999
2009,3,02MAR2009,MOHK,MOHK,0,-99999,-99999
2009,3,09MAR2009,ABUR,ABUR,0,-99999,-99999
2009,3,09MAR2009,MOHK,MOHK,0,-99999,-99999
2009,3,10MAR2009,AQUE,AQUE,0,-99999,-99999
2009,3,16MAR2009,MOHK,MOHK,0,-99999,-99999
2009,3,17MAR2009,CARP,CARP,0,-99999,-99999
2009,3,18MAR2009,AQUE,AQUE,0,-99999,-99999
2009,3,18MAR2009,NAPL,NAPL,0,-99999,-99999
2009,3,31MAR2009,AQUE,AQUE,0,-99999,-99999
2009,3,31MAR2009,MOHK,MOHK,0,-99999,-99999
2009,3,31MAR2009,NAPL,NAPL,0,-99999,-99999
2009,4,02APR2009,MOHK,MOHK,0,-99999,-99999
2009,4,07APR2009,ABUR,ABUR,0,-99999,-99999
2009,4,07APR2009,MOHK,MOHK,0,-99999,-99999
2009,4,21APR2009,AQUE,AQUE,0,-99999,-99999
2009,4,22APR2009,NAPL,NAPL,0,-99999,-99999
2009,4,24APR2009,MOHK,MOHK,0,-99999,-99999
2009,4,29APR2009,CARP,CARP,0,-99999,-99999
2009,5,01MAY2009,AQUE,AQUE,0,-99999,-99999
2009,5,04MAY2009,ABUR,ABUR,0,-99999,-99999
2009,5,05MAY2009,MOHK,MOHK,0,-99999,-99999
2009,5,05MAY2009,MOHK,MOHK,0,-99999,-99999
2009,5,12MAY2009,MOHK,MOHK,0,-99999,-99999
2009,5,18MAY2009,SCDI,SCDI,0,-99999,-99999
2009,5,18MAY2009,SCTW,SCTW,0,-99999,-99999
2009,5,27MAY2009,ABUR,ABUR,0,-99999,-99999
2009,5,27MAY2009,MOHK,MOHK,0,-99999,-99999
2009,5,27MAY2009,MOHK,MOHK,0,-99999,-99999
2009,5,28MAY2009,MOHK,MOHK,0,-99999,-99999
2009,5,29MAY2009,MOHK,MOHK,0,-99999,-99999
2009,5,29MAY2009,MOHK,MOHK,0,-99999,-99999
2009,5,29MAY2009,MOHK,MOHK,0,-99999,-99999
2009,5,29MAY2009,MOHK,MOHK,0,-99999,-99999
2009,5,29MAY2009,NAPL,NAPL,0,-99999,-99999
2009,5,29MAY2009,NAPL,NAPL,0,-99999,-99999
2009,6,02JUN2009,MOHK,MOHK,0,-99999,-99999
2009,6,04JUN2009,AQUE,AQUE,0,-99999,-99999
2009,6,04JUN2009,MOHK,MOHK,0,-99999,-99999
2009,6,04JUN2009,NAPL,NAPL,0,-99999,-99999
2009,6,09JUN2009,MOHK,MOHK,0,-99999,-99999
2009,6,10JUN2009,CARP,CARP,0,-99999,-99999
2009,6,11JUN2009,NAPL,NAPL,0,-99999,-99999
2009,6,18JUN2009,AQUE,AQUE,0,-99999,-99999
2009,6,23JUN2009,IVEE,IVEE,0,-99999,-99999
2009,6,25JUN2009,MOHK,MOHK,0,-99999,-99999
2009,6,25JUN2009,MOHK,MOHK,0,-99999,-99999
2009,6,30JUN2009,CARP,CARP,0,-99999,-99999
2009,7,01JUL2009,ABUR,ABUR,0,-99999,-99999
2009,7,01JUL2009,MOHK,MOHK,0,-99999,-99999
2009,7,02JUL2009,AQUE,AQUE,0,-99999,-99999
2009,7,08JUL2009,AHND,AHND,0,-99999,-99999
2009,7,08JUL2009,BULL,BULL,0,-99999,-99999
2009,7,09JUL2009,MOHK,MOHK,0,-99999,-99999
2009,7,10JUL2009,MOHK,MOHK,0,-99999,-99999
2009,7,14JUL2009,NAPL,NAPL,0,-99999,-99999
2009,7,15JUL2009,AQUE,AQUE,0,-99999,-99999
2009,7,17JUL2009,IVEE,IVEE,0,-99999,-99999
2009,7,17JUL2009,MOHK,MOHK,0,-99999,-99999
2009,7,17JUL2009,MOHK,MOHK,0,-99999,-99999
2009,7,17JUL2009,NAPL,NAPL,0,-99999,-99999
2009,7,20JUL2009,GOLB,GOLB,0,-99999,-99999
2009,7,20JUL2009,IVEE,IVEE,0,-99999,-99999
2009,7,21JUL2009,NAPL,NAPL,0,-99999,-99999
2009,7,21JUL2009,NAPL,NAPL,0,-99999,-99999
2009,7,22JUL2009,NAPL,NAPL,0,-99999,-99999
2009,7,22JUL2009,NAPL,NAPL,0,-99999,-99999
2009,7,23JUL2009,MOHK,MOHK,0,-99999,-99999
2009,7,23JUL2009,MOHK,MOHK,0,-99999,-99999
2009,7,24JUL2009,ABUR,ABUR,0,-99999,-99999
2009,7,24JUL2009,CARP,CARP,0,-99999,-99999
2009,7,24JUL2009,MOHK,MOHK,0,-99999,-99999
2009,7,27JUL2009,AHND,AHND,0,-99999,-99999
2009,7,27JUL2009,AQUE,AQUE,0,-99999,-99999
2009,7,27JUL2009,AQUE,AQUE,0,-99999,-99999
2009,7,27JUL2009,SCDI,SCDI,0,-99999,-99999
2009,7,27JUL2009,SCTW,SCTW,0,-99999,-99999
2009,7,28JUL2009,AHND,AHND,0,-99999,-99999
2009,7,28JUL2009,AHND,AHND,0,-99999,-99999
2009,7,28JUL2009,BULL,BULL,0,-99999,-99999
2009,7,28JUL2009,BULL,BULL,2,RAFTING,-99999
2009,7,29JUL2009,SCDI,SCDI,0,-99999,-99999
2009,7,30JUL2009,CARP,CARP,0,-99999,-99999
2009,7,30JUL2009,CARP,CARP,0,-99999,-99999
2009,8,05AUG2009,AQUE,AQUE,0,-99999,-99999
2009,8,05AUG2009,NAPL,NAPL,0,-99999,-99999
2009,8,06AUG2009,ABUR,ABUR,0,-99999,-99999
2009,8,06AUG2009,MOHK,MOHK,0,-99999,-99999
2009,8,10AUG2009,MOHK,MOHK,0,-99999,-99999
2009,8,11AUG2009,CARP,CARP,0,-99999,-99999
2009,8,11AUG2009,MOHK,MOHK,0,-99999,-99999
2009,8,13AUG2009,MOHK,MOHK,0,-99999,-99999
2009,8,27AUG2009,NAPL,NAPL,0,-99999,-99999
2009,8,30AUG2009,AQUE,AQUE,0,-99999,-99999
2009,9,01SEP2009,ABUR,ABUR,0,-99999,-99999
2009,9,01SEP2009,MOHK,MOHK,0,-99999,-99999
2009,9,02SEP2009,MOHK,MOHK,0,-99999,-99999
2009,9,04SEP2009,CARP,CARP,0,-99999,-99999
2009,9,09SEP2009,AHND,AHND,0,-99999,-99999
2009,9,09SEP2009,AQUE,AQUE,0,-99999,-99999
2009,9,09SEP2009,BULL,BULL,0,-99999,-99999
2009,9,10SEP2009,CARP,CARP,0,-99999,-99999
2009,9,22SEP2009,ABUR,ABUR,0,-99999,-99999
2009,9,22SEP2009,GOLB,GOLB,0,-99999,-99999
2009,9,22SEP2009,IVEE,IVEE,0,-99999,-99999
2009,9,22SEP2009,MOHK,MOHK,0,-99999,-99999
2009,9,22SEP2009,NAPL,NAPL,0,-99999,-99999
2009,9,24SEP2009,MOHK,MOHK,0,-99999,-99999
2009,9,28SEP2009,AQUE,AQUE,2,RAFTING,-99999
2009,9,30SEP2009,MOHK,MOHK,0,-99999,-99999
2009,10,01OCT2009,ABUR,ABUR,0,-99999,-99999
2009,10,05OCT2009,MOHK,MOHK,0,-99999,-99999
2009,10,07OCT2009,AQUE,AQUE,0,-99999,-99999
2009,10,08OCT2009,OTHER,ANACAPA ISLAND,0,-99999,-99999
2009,10,09OCT2009,MOHK,MOHK,0,-99999,-99999
2009,10,12OCT2009,CARP,CARP,0,-99999,-99999
2009,10,20OCT2009,NAPL,NAPL,0,-99999,-99999
2009,10,29OCT2009,MOHK,MOHK,0,-99999,-99999
2009,11,02NOV2009,MOHK,MOHK,0,-99999,-99999
2009,11,03NOV2009,ABUR,ABUR,0,-99999,-99999
2009,11,03NOV2009,MOHK,MOHK,0,-99999,-99999
2009,11,03NOV2009,OTHER,AVILA BAY,1,-99999,-99999
2009,11,05NOV2009,MOHK,MOHK,0,-99999,-99999
2009,11,05NOV2009,OTHER,SAN MIGUEL ISLAND,0,-99999,-99999
2009,11,06NOV2009,AQUE,AQUE,0,-99999,-99999
2009,11,10NOV2009,ABUR,ABUR,0,-99999,-99999
2009,11,10NOV2009,CARP,CARP,0,-99999,-99999
2009,11,16NOV2009,AQUE,AQUE,0,-99999,-99999
2009,11,16NOV2009,NAPL,NAPL,0,-99999,-99999
2009,11,17NOV2009,CARP,CARP,0,-99999,-99999
2009,11,17NOV2009,MOHK,MOHK,0,-99999,-99999
2009,11,20NOV2009,IVEE,IVEE,0,-99999,-99999
2009,11,20NOV2009,SCDI,SCDI,0,-99999,-99999
2009,11,23NOV2009,MOHK,MOHK,0,-99999,-99999
2009,12,01DEC2009,AQUE,AQUE,0,-99999,-99999
2009,12,01DEC2009,AQUE,AQUE,0,-99999,-99999
2009,12,01DEC2009,IVEE,IVEE,0,-99999,-99999
2009,12,01DEC2009,NAPL,NAPL,0,-99999,-99999
2009,12,02DEC2009,MOHK,MOHK,0,-99999,-99999
2009,12,03DEC2009,ABUR,ABUR,0,-99999,-99999
2009,12,03DEC2009,GOLB,GOLB,0,-99999,-99999
2009,12,03DEC2009,MOHK,MOHK,0,-99999,-99999
2009,12,03DEC2009,MOHK,MOHK,0,-99999,-99999
2009,12,15DEC2009,ABUR,ABUR,0,-99999,-99999
2009,12,18DEC2009,ABUR,ABUR,0,-99999,-99999
2009,12,18DEC2009,AQUE,REFUGIO,1,-99999,-99999
2009,12,18DEC2009,MOHK,MOHK,0,-99999,-99999
2010,1,05JAN2010,AQUE,AQUE,0,-99999,-99999
2010,1,07JAN2010,ABUR,ABUR,0,-99999,-99999
2010,1,07JAN2010,MOHK,MOHK,0,-99999,-99999
2010,1,07JAN2010,MOHK,MOHK,0,-99999,-99999
2010,1,28JAN2010,AQUE,AQUE,0,-99999,-99999
2010,1,28JAN2010,NAPL,NAPL,0,-99999,-99999
2010,1,29JAN2010,CARP,CARP,0,-99999,-99999
2010,2,01FEB2010,ABUR,ABUR,0,-99999,-99999
2010,2,01FEB2010,CARP,CARP,0,-99999,-99999
2010,2,02FEB2010,ABUR,ABUR,0,-99999,-99999
2010,2,02FEB2010,MOHK,MOHK,0,-99999,-99999
2010,2,04FEB2010,AQUE,AQUE,0,-99999,-99999
2010,2,09FEB2010,CARP,CARP,0,-99999,-99999
2010,2,11FEB2010,MOHK,MOHK,0,-99999,-99999
2010,2,18FEB2010,ABUR,ABUR,0,-99999,-99999
2010,2,18FEB2010,CARP,CARP,0,-99999,-99999
2010,2,18FEB2010,MOHK,MOHK,0,-99999,-99999
2010,2,23FEB2010,ABUR,ABUR,0,-99999,-99999
2010,2,23FEB2010,GOLB,GOLB,0,-99999,-99999
2010,2,23FEB2010,IVEE,IVEE,0,-99999,-99999
2010,2,23FEB2010,MOHK,MOHK,0,-99999,-99999
2010,3,02MAR2010,MOHK,MOHK,0,-99999,-99999
2010,3,02MAR2010,MOHK,MOHK,0,-99999,-99999
2010,3,02MAR2010,NAPL,NAPL,0,-99999,-99999
2010,3,05MAR2010,AQUE,AQUE,0,-99999,-99999
2010,3,05MAR2010,AQUE,AQUE,0,-99999,-99999
2010,3,05MAR2010,NAPL,NAPL,0,-99999,-99999
2010,3,08MAR2010,ABUR,ABUR,0,-99999,-99999
2010,3,08MAR2010,MOHK,MOHK,0,-99999,-99999
2010,3,11MAR2010,CARP,CARP,0,-99999,-99999
2010,3,12MAR2010,ABUR,ABUR,0,-99999,-99999
2010,3,12MAR2010,GOLB,GOLB,0,-99999,-99999
2010,3,15MAR2010,MOHK,MOHK,0,-99999,-99999
2010,3,17MAR2010,AHND,AHND,0,-99999,-99999
2010,3,17MAR2010,AHND,AHND,0,-99999,-99999
2010,3,17MAR2010,AHND,AHND,0,-99999,-99999
2010,3,17MAR2010,AHND,AHND,0,-99999,-99999
2010,3,19MAR2010,NAPL,NAPL,0,-99999,-99999
2010,3,22MAR2010,AQUE,REFUGIO,1,FEEDING,-99999
2010,3,22MAR2010,NAPL,NAPL,1,RAFTING,-99999
2010,3,23MAR2010,MOHK,MOHK,0,-99999,-99999
2010,3,29MAR2010,ABUR,ABUR,0,-99999,-99999
2010,3,29MAR2010,MOHK,MOHK,0,-99999,-99999
2010,4,06APR2010,AQUE,AQUE,0,-99999,-99999
2010,4,08APR2010,ABUR,ABUR,0,-99999,-99999
2010,4,08APR2010,MOHK,MOHK,0,-99999,-99999
2010,4,19APR2010,NAPL,NAPL,0,-99999,-99999
2010,4,20APR2010,MOHK,MOHK,0,-99999,-99999
2010,4,23APR2010,CARP,CARP,0,-99999,-99999
2010,4,26APR2010,AQUE,AQUE,0,-99999,-99999
2010,4,27APR2010,NAPL,NAPL,0,-99999,-99999
2010,5,03MAY2010,ABUR,ABUR,0,-99999,-99999
2010,5,03MAY2010,MOHK,MOHK,0,-99999,-99999
2010,5,05MAY2010,MOHK,MOHK,0,-99999,-99999
2010,5,07MAY2010,AQUE,AQUE,0,-99999,-99999
2010,5,07MAY2010,NAPL,NAPL,0,-99999,-99999
2010,5,14MAY2010,CARP,CARP,0,-99999,-99999
2010,5,19MAY2010,MOHK,MOHK,0,-99999,-99999
2010,5,26MAY2010,CARP,CARP,0,-99999,-99999
2010,5,26MAY2010,MOHK,MOHK,0,-99999,-99999
2010,6,01JUN2010,AQUE,AQUE,0,-99999,-99999
2010,6,04JUN2010,MOHK,MOHK,0,-99999,-99999
2010,6,04JUN2010,MOHK,MOHK,0,-99999,-99999
2010,6,07JUN2010,SCDI,SCDI,0,-99999,-99999
2010,6,07JUN2010,SCTW,SCTW,0,-99999,-99999
2010,6,09JUN2010,CARP,CARP,0,-99999,-99999
2010,6,09JUN2010,CARP,CARP,0,-99999,-99999
2010,6,10JUN2010,MOHK,MOHK,0,-99999,-99999
2010,6,10JUN2010,MOHK,MOHK,0,-99999,-99999
2010,6,11JUN2010,NAPL,NAPL,0,-99999,-99999
2010,6,11JUN2010,NAPL,NAPL,0,-99999,-99999
2010,6,14JUN2010,MOHK,MOHK,0,-99999,-99999
2010,6,14JUN2010,MOHK,MOHK,0,-99999,-99999
2010,6,15JUN2010,AQUE,AQUE,0,-99999,-99999
2010,6,15JUN2010,AQUE,AQUE,0,-99999,-99999
2010,6,17JUN2010,NAPL,NAPL,0,-99999,-99999
2010,6,17JUN2010,NAPL,NAPL,0,-99999,-99999
2010,6,22JUN2010,AHND,AHND,1,RAFTING,IN KELP BED
2010,6,22JUN2010,AHND,AHND,1,RAFTING,-99999
2010,6,22JUN2010,AQUE,AQUE,0,-99999,-99999
2010,6,22JUN2010,BULL,BULL,0,-99999,-99999
2010,6,23JUN2010,GOLB,GOLB,0,-99999,-99999
2010,6,23JUN2010,GOLB,GOLB,0,-99999,-99999
2010,6,24JUN2010,IVEE,IVEE,0,-99999,-99999
2010,6,24JUN2010,IVEE,IVEE,0,-99999,-99999
2010,6,28JUN2010,CARP,CARP,0,-99999,-99999
2010,6,28JUN2010,CARP,CARP,0,-99999,-99999
2010,7,01JUL2010,ABUR,ABUR,0,-99999,-99999
2010,7,01JUL2010,ABUR,ABUR,0,-99999,-99999
2010,7,01JUL2010,MOHK,MOHK,0,-99999,-99999
2010,7,02JUL2010,MOHK,MOHK,0,-99999,-99999
2010,7,02JUL2010,MOHK,MOHK,0,-99999,-99999
2010,7,06JUL2010,CARP,CARP,0,-99999,-99999
2010,7,06JUL2010,CARP,CARP,0,-99999,-99999
2010,7,07JUL2010,AQUE,AQUE,0,-99999,-99999
2010,7,07JUL2010,AQUE,AQUE,0,-99999,-99999
2010,7,09JUL2010,NAPL,NAPL,0,-99999,-99999
2010,7,09JUL2010,NAPL,NAPL,0,-99999,-99999
2010,7,13JUL2010,IVEE,IVEE,1,RAFTING,-99999
2010,7,13JUL2010,IVEE,IVEE,1,RAFTING,-99999
2010,7,13JUL2010,NAPL,NAPL,0,-99999,-99999
2010,7,16JUL2010,MOHK,MOHK,0,-99999,-99999
2010,7,16JUL2010,MOHK,MOHK,0,-99999,-99999
2010,7,19JUL2010,CARP,CARP,0,-99999,-99999
2010,7,19JUL2010,CARP,CARP,0,-99999,-99999
2010,7,20JUL2010,ABUR,ABUR,0,-99999,-99999
2010,7,20JUL2010,ABUR,ABUR,0,-99999,-99999
2010,7,20JUL2010,ABUR,ABUR,0,-99999,-99999
2010,7,20JUL2010,GOLB,GOLB,0,-99999,-99999
2010,7,20JUL2010,GOLB,GOLB,0,-99999,-99999
2010,7,20JUL2010,IVEE,IVEE,0,-99999,-99999
2010,7,21JUL2010,CARP,CARP,0,-99999,-99999
2010,7,21JUL2010,CARP,CARP,0,-99999,-99999
2010,7,21JUL2010,CARP,CARP,0,-99999,-99999
2010,7,22JUL2010,AQUE,AQUE,0,-99999,-99999
2010,7,22JUL2010,AQUE,AQUE,0,-99999,-99999
2010,7,22JUL2010,AQUE,AQUE,0,-99999,-99999
2010,7,22JUL2010,IVEE,IVEE,0,-99999,-99999
2010,7,23JUL2010,MOHK,MOHK,0,-99999,-99999
2010,7,23JUL2010,MOHK,MOHK,0,-99999,-99999
2010,7,23JUL2010,MOHK,MOHK,0,-99999,-99999
2010,7,26JUL2010,AHND,AHND,0,-99999,-99999
2010,7,26JUL2010,AHND,AHND,0,-99999,-99999
2010,7,26JUL2010,BULL,BULL,0,-99999,-99999
2010,7,26JUL2010,BULL,BULL,0,-99999,-99999
2010,7,27JUL2010,NAPL,NAPL,0,-99999,-99999
2010,7,27JUL2010,NAPL,NAPL,0,-99999,-99999
2010,7,27JUL2010,NAPL,NAPL,0,-99999,-99999
2010,7,27JUL2010,NAPL,NAPL,0,-99999,-99999
2010,7,28JUL2010,NAPL,NAPL,0,-99999,-99999
2010,7,28JUL2010,NAPL,NAPL,0,-99999,-99999
2010,7,28JUL2010,NAPL,NAPL,0,-99999,-99999
2010,7,29JUL2010,SCDI,SCDI,0,-99999,-99999
2010,7,29JUL2010,SCDI,SCDI,0,-99999,-99999
2010,7,29JUL2010,SCDI,SCDI,0,-99999,-99999
2010,7,29JUL2010,SCTW,SCTW,0,-99999,-99999
2010,7,29JUL2010,SCTW,SCTW,0,-99999,-99999
2010,8,04AUG2010,MOHK,MOHK,0,-99999,-99999
2010,8,04AUG2010,MOHK,MOHK,0,-99999,-99999
2010,8,05AUG2010,ABUR,ABUR,0,-99999,-99999
2010,8,05AUG2010,ABUR,ABUR,0,-99999,-99999
2010,8,09AUG2010,AQUE,AQUE,0,-99999,-99999
2010,8,09AUG2010,AQUE,AQUE,0,-99999,-99999
2010,8,09AUG2010,NAPL,NAPL,0,-99999,-99999
2010,8,16AUG2010,AHND,AHND,0,-99999,-99999
2010,8,16AUG2010,AHND,AHND,0,-99999,-99999
2010,8,16AUG2010,NAPL,NAPL,0,-99999,-99999
2010,8,17AUG2010,AQUE,AQUE,0,-99999,-99999
2010,8,17AUG2010,AQUE,AQUE,0,-99999,-99999
2010,8,17AUG2010,MOHK,MOHK,0,-99999,-99999
2010,8,17AUG2010,MOHK,MOHK,0,-99999,-99999
2010,8,19AUG2010,ABUR,ABUR,0,-99999,-99999
2010,8,19AUG2010,ABUR,ABUR,0,-99999,-99999
2010,8,19AUG2010,GOLB,GOLB,0,-99999,-99999
2010,8,19AUG2010,GOLB,GOLB,0,-99999,-99999
2010,8,25AUG2010,CARP,CARP,0,-99999,-99999
2010,8,25AUG2010,CARP,CARP,0,-99999,-99999
2010,9,01SEP2010,ABUR,ABUR,0,-99999,-99999
2010,9,01SEP2010,MOHK,MOHK,0,-99999,-99999
2010,9,03SEP2010,CARP,CARP,0,-99999,-99999
2010,9,07SEP2010,MOHK,MOHK,0,-99999,-99999
2010,9,07SEP2010,NAPL,NAPL,0,-99999,-99999
2010,9,08SEP2010,MOHK,MOHK,0,-99999,-99999
2010,9,09SEP2010,AQUE,AQUE,0,-99999,-99999
2010,9,21SEP2010,NAPL,NAPL,0,-99999,-99999
2010,9,24SEP2010,SCDI,DIABLO,0,-99999,-99999
2010,9,24SEP2010,SCDI,FRY'S 1,0,-99999,-99999
2010,9,24SEP2010,SCDI,FRY'S 2,0,-99999,-99999
2010,9,24SEP2010,SCDI,FRY'S 3,0,-99999,-99999
2010,9,27SEP2010,SCDI,BC 1,0,-99999,-99999
2010,9,27SEP2010,SCDI,BC 2,0,-99999,-99999
2010,9,27SEP2010,SCDI,BC POINT,0,-99999,-99999
2010,10,04OCT2010,MOHK,MOHK,0,-99999,-99999
2010,10,07OCT2010,SCDI,FERN 1,0,-99999,-99999
2010,10,07OCT2010,SCDI,FERN O,0,-99999,-99999
2010,10,07OCT2010,SCTW,TWIN W,0,-99999,-99999
2010,10,07OCT2010,SCTW,TWIN E,0,-99999,-99999
2010,10,08OCT2010,AQUE,AQUE,0,-99999,-99999
2010,10,11OCT2010,ABUR,ABUR,0,-99999,-99999
2010,10,11OCT2010,ABUR,ABUR,0,-99999,-99999
2010,10,11OCT2010,MOHK,MOHK,0,-99999,-99999
2010,10,12OCT2010,NAPL,NAPL,0,-99999,-99999
2010,10,13OCT2010,AQUE,AQUE,0,-99999,-99999
2010,10,14OCT2010,CARP,CARP,0,-99999,-99999
2010,10,20OCT2010,SCDI,BC 1,0,-99999,-99999
2010,10,29OCT2010,AQUE,AQUE,0,-99999,-99999
2010,10,29OCT2010,MOHK,MOHK,0,-99999,-99999
2010,11,01NOV2010,ABUR,ABUR,0,-99999,-99999
2010,11,02NOV2010,AQUE,AQUE,0,-99999,-99999
2010,11,05NOV2010,MOHK,MOHK,0,-99999,-99999
2010,11,16NOV2010,SCDI,DIABLO,0,-99999,-99999
2010,11,17NOV2010,NAPL,NAPL,0,-99999,-99999
2010,11,18NOV2010,MOHK,MOHK,0,-99999,-99999
2010,11,19NOV2010,AQUE,AQUE,0,-99999,-99999
2010,11,30NOV2010,SCDI,FRY'S 1,0,-99999,-99999
2010,11,30NOV2010,SCDI,FRY'S 2,0,-99999,-99999
2010,11,30NOV2010,SCDI,FRY'S 3,0,-99999,-99999
2010,11,30NOV2010,SCDI,DIABLO,0,-99999,-99999
2010,11,30NOV2010,SCDI,FERN 1,0,-99999,-99999
2010,11,30NOV2010,SCDI,FERN O,0,-99999,-99999
2010,11,30NOV2010,SCDI,BC 1,0,-99999,-99999
2010,11,30NOV2010,SCDI,BC 2,0,-99999,-99999
2010,11,30NOV2010,SCDI,BC POINT,0,-99999,-99999
2010,11,30NOV2010,SCTW,TWIN E,0,-99999,-99999
2010,11,30NOV2010,SCTW,TWIN W,0,-99999,-99999
2010,12,01DEC2010,SCDI,DIABLO,0,-99999,-99999
2010,12,02DEC2010,ABUR,ABUR,-99999,-99999,-99999
2010,12,03DEC2010,MOHK,MOHK,-99999,-99999,-99999
2010,12,06DEC2010,CARP,CARP,-99999,-99999,-99999
2010,12,07DEC2010,AQUE,AQUE,0,-99999,-99999
2010,12,14DEC2010,NAPL,NAPL,0,-99999,-99999
2010,12,14DEC2010,IVEE,IVEE,0,-99999,-99999
2010,12,14DEC2010,GOLB,GOLB,0,-99999,-99999
2011,1,04JAN2011,MOHK,MOHK,0,-99999,-99999
2011,1,07JAN2011,MOHK,MOHK,0,-99999,-99999
2011,1,10JAN2011,NAPL,NAPL,0,-99999,-99999
2011,1,11JAN2011,AQUE,AQUE,0,-99999,-99999
2011,1,12JAN2011,MOHK,MOHK,0,-99999,-99999
2011,1,21JAN2011,BULL,BULL,0,-99999,-99999
2011,1,21JAN2011,OTHER,ALLEGRIA MOO,0,-99999,-99999
2011,1,21JAN2011,AHND,AHND,0,-99999,-99999
2011,1,25JAN2011,CARP,CARP,-99999,-99999,-99999
2011,1,27JAN2011,SCDI,DIABLO,0,-99999,-99999
2011,1,27JAN2011,SCTW,TWIN W,0,-99999,-99999
2011,2,01FEB2011,AQUE,AQUE,0,-99999,-99999
2011,2,22FEB2011,NAPL,NAPL,0,-99999,-99999
2011,2,28FEB2011,NAPL,NAPL,0,-99999,-99999
2011,3,01MAR2011,MOHK,MOHK,0,-99999,-99999
2011,3,03MAR2011,AQUE,AQUE,0,-99999,-99999
2011,3,03MAR2011,NAPL,NAPL,0,-99999,-99999
2011,3,04MAR2011,ABUR,ABUR,0,-99999,-99999
2011,3,04MAR2011,MOHK,MOHK,0,-99999,-99999
2011,3,11MAR2011,CARP,CARP,0,-99999,-99999
2011,3,31MAR2011,ABUR,ABUR,0,-99999,-99999
2011,3,31MAR2011,CARP,CARP,0,-99999,-99999
2011,4,01APR2011,MOHK,MOHK,0,-99999,-99999
2011,4,04APR2011,AQUE,AQUE,0,-99999,-99999
2011,4,07APR2011,CARP,CARP,0,-99999,-99999
2011,4,12APR2011,MOHK,MOHK,0,-99999,-99999
2011,4,13APR2011,AQUE,AQUE,0,-99999,-99999
2011,4,14APR2011,CARP,CARP,0,-99999,-99999
2011,4,15APR2011,NAPL,NAPL,0,-99999,-99999
2011,4,21APR2011,ABUR,ABUR,0,-99999,-99999
2011,4,27APR2011,CARP,CARP,0,-99999,-99999
2011,4,28APR2011,MOHK,MOHK,0,-99999,-99999
2011,5,02MAY2011,MOHK,MOHK,0,-99999,-99999
2011,5,02MAY2011,ABUR,ABUR,0,-99999,-99999
2011,5,04MAY2011,AQUE,AQUE,0,-99999,-99999
2011,5,04MAY2011,GOLB,GOLB,0,-99999,-99999
2011,5,25MAY2011,NAPL,NAPL,0,-99999,-99999
2011,5,26MAY2011,MOHK,MOHK,0,-99999,-99999
2011,5,31MAY2011,CARP,CARP,0,-99999,-99999
2011,6,01JUN2011,AQUE,AQUE,0,-99999,-99999
2011,6,02JUN2011,MOHK,MOHK,0,-99999,-99999
2011,6,07JUN2011,ABUR,ABUR,0,-99999,-99999
2011,6,07JUN2011,MOHK,MOHK,0,-99999,-99999
2011,6,08JUN2011,AQUE,AQUE,0,-99999,-99999
2011,6,12JUN2011,MOHK,MOHK,-99999,-99999,-99999
2011,6,14JUN2011,NAPL,NAPL,0,-99999,-99999
2011,6,15JUN2011,CARP,CARP,0,-99999,-99999
2011,6,16JUN2011,NAPL,NAPL,0,-99999,-99999
2011,6,16JUN2011,IVEE,IVEE,0,-99999,-99999
2011,6,17JUN2011,GOLB,GOLB,0,-99999,-99999
2011,6,17JUN2011,OTHER,OTHER,0,-99999,-99999
2011,6,22JUN2011,BULL,BULL,0,-99999,-99999
2011,6,22JUN2011,AHND,AHND,0,-99999,-99999
2011,6,23JUN2011,GOLB,GOLB,0,-99999,-99999
2011,6,28JUN2011,GOLB,GOLB,0,-99999,-99999
2011,6,29JUN2011,AQUE,AQUE,0,-99999,-99999
2011,6,29JUN2011,MOHK,MOHK,0,-99999,-99999
2011,6,30JUN2011,GOLB,GOLB,0,-99999,-99999
2011,7,01JUL2011,GOLB,GOLB,0,-99999,-99999
2011,7,07JUL2011,MOHK,MOHK,0,-99999,-99999
2011,7,07JUL2011,ABUR,ABUR,0,-99999,-99999
2011,7,08JUL2011,AQUE,AQUE,0,-99999,-99999
2011,7,14JUL2011,GOLB,GOLB,0,-99999,-99999
2011,7,18JUL2011,CARP,CARP,0,-99999,-99999
2011,7,18JUL2011,CARP,CARP,0,-99999,-99999
2011,7,19JUL2011,NAPL,NAPL,0,-99999,-99999
2011,7,19JUL2011,NAPL,NAPL,0,-99999,-99999
2011,7,20JUL2011,MOHK,MOHK,0,-99999,-99999
2011,7,20JUL2011,ABUR,ABUR,0,-99999,-99999
2011,7,20JUL2011,MOHK,MOHK,0,-99999,-99999
2011,7,21JUL2011,NAPL,NAPL,0,-99999,-99999
2011,7,21JUL2011,AQUE,AQUE,0,-99999,-99999
2011,7,22JUL2011,AQUE,AQUE,0,-99999,-99999
2011,7,22JUL2011,CARP,CARP,0,-99999,-99999
2011,7,25JUL2011,BULL,BULL,0,-99999,-99999
2011,7,25JUL2011,AQUE,AQUE,0,-99999,-99999
2011,7,25JUL2011,BULL,BULL,0,-99999,-99999
2011,7,25JUL2011,AHND,AHND,0,-99999,-99999
2011,7,26JUL2011,SCTW,TWIN W,0,-99999,-99999
2011,7,26JUL2011,SCDI,DIABLO,0,-99999,-99999
2011,7,26JUL2011,IVEE,IVEE,0,-99999,-99999
2011,7,26JUL2011,GOLB,GOLB,0,-99999,-99999
2011,7,27JUL2011,SCTW,SCTW,0,-99999,-99999
2011,8,02AUG2011,GOLB,GOLB,0,-99999,-99999
2011,8,03AUG2011,ABUR,ABUR,0,-99999,-99999
2011,8,03AUG2011,MOHK,MOHK,0,-99999,-99999
2011,8,08AUG2011,GOLB,GOLB,0,-99999,-99999
2011,8,17AUG2011,SCDI,BC 1,0,-99999,-99999
2011,8,17AUG2011,SCDI,BC 2,0,-99999,-99999
2011,8,17AUG2011,SCDI,BC POINT,0,-99999,-99999
2011,8,18AUG2011,SCTW,TWIN E,0,-99999,-99999
2011,8,18AUG2011,SCTW,TWIN W,0,-99999,-99999
2011,8,22AUG2011,AQUE,AQUE,0,-99999,-99999
2011,8,22AUG2011,MOHK,MOHK,0,-99999,-99999
2011,8,23AUG2011,SCDI,DIABLO,0,-99999,-99999
2011,8,23AUG2011,SCDI,FERN 1,0,-99999,-99999
2011,8,23AUG2011,SCDI,FERN O,0,-99999,-99999
2011,8,25AUG2011,MOHK,MOHK,0,-99999,-99999
2011,8,25AUG2011,MOHK,MOHK,0,-99999,-99999
2011,8,30AUG2011,SCDI,FRY'S 1,0,-99999,-99999
2011,8,30AUG2011,SCDI,FRY'S 2,0,-99999,-99999
2011,8,30AUG2011,SCDI,FRY'S 3,0,-99999,-99999
2011,8,31AUG2011,CARP,CARP,0,-99999,-99999
2011,9,06SEP2011,MOHK,MOHK,0,-99999,-99999
2011,9,06SEP2011,ABUR,ABUR,0,-99999,-99999
2011,9,07SEP2011,AQUE,AQUE,0,-99999,-99999
2011,9,08SEP2011,NAPL,NAPL,0,-99999,-99999
2011,9,09SEP2011,MOHK,MOHK,0,-99999,-99999
2011,9,13SEP2011,GOLB,GOLB,0,-99999,-99999
2011,9,14SEP2011,GOLB,GOLB,0,-99999,-99999
2011,9,21SEP2011,SCTW,SCI,0,-99999,-99999
2011,9,26SEP2011,NAPL,NAPL,0,-99999,-99999
2011,9,27SEP2011,SCTW,TWIN W,0,-99999,-99999
2011,10,03OCT2011,MOHK,MOHK,0,-99999,-99999
2011,10,04OCT2011,ABUR,ABUR,0,-99999,-99999
2011,10,04OCT2011,IVEE,DEVEREUX,0,-99999,-99999
2011,10,07OCT2011,AQUE,AQUE,0,-99999,-99999
2011,10,07OCT2011,IVEE,IVEE,0,-99999,-99999
2011,10,11OCT2011,SCTW,SCI,0,-99999,-99999
2011,10,13OCT2011,IVEE,IVEE,0,-99999,-99999
2011,10,14OCT2011,IVEE,IVEE,0,-99999,-99999
2011,10,17OCT2011,CARP,CARP,0,-99999,-99999
2011,10,18OCT2011,SCTW,SCI,0,-99999,-99999
2011,10,19OCT2011,MOHK,MOHK,0,-99999,-99999
2011,10,20OCT2011,AQUE,AQUE,0,-99999,-99999
2011,10,20OCT2011,NAPL,NAPL,0,-99999,-99999
2011,10,21OCT2011,CARP,CARP,0,-99999,-99999
2011,10,24OCT2011,GOLB,GOLB,0,-99999,-99999
2011,10,25OCT2011,NAPL,NAPL,0,-99999,-99999
2011,10,26OCT2011,IVEE,IVEE,1,RAFTING,-99999
2011,10,27OCT2011,IVEE,IVEE,0,-99999,-99999
2011,10,28OCT2011,IVEE,IVEE,0,-99999,-99999
2011,10,28OCT2011,GOLB,GOLB,0,-99999,-99999
2011,10,30OCT2011,GOLB,GOLB,0,-99999,-99999
2011,11,01NOV2011,ABUR,ABUR,0,-99999,-99999
2011,11,01NOV2011,MOHK,MOHK,0,-99999,-99999
2011,11,02NOV2011,AQUE,AQUE,0,-99999,-99999
2011,11,17NOV2011,GOLB,GOLB,0,-99999,-99999
2011,11,18NOV2011,ABUR,ABUR,0,-99999,-99999
2011,11,28NOV2011,CARP,CARP,0,-99999,-99999
2011,11,29NOV2011,MOHK,MOHK,0,-99999,-99999
2011,11,30NOV2011,NAPL,NAPL,0,-99999,-99999
2011,12,05DEC2011,ABUR,ABUR,0,-99999,-99999
2011,12,05DEC2011,GOLB,GOLB,0,-99999,-99999
2011,12,08DEC2011,AQUE,AQUE,0,-99999,-99999
2011,12,16DEC2011,MOHK,MOHK,0,-99999,-99999
2011,12,15DEC2011,MOHK,MOHK,-99999,-99999,-99999
2011,12,20DEC2011,ABUR,ABUR,0,-99999,-99999
2011,12,21DEC2011,ABUR,ABUR,0,-99999,-99999
2011,12,21DEC2011,MOHK,MOHK,0,-99999,-99999
2011,12,22DEC2011,ABUR,ABUR,0,-99999,-99999
